Customer_ID,Date,Country,NPS,CSAT,CES,CLV,Churn_Rate,Average_Resolution_Time,First_Contact_Resolution
7109,1900-01-01,UK,79,5,3,187.12,0.0,0.21,79.06
924,1900-01-11,Germany,-11,4,5,5.71,0.0,12.0,0.8
133,1901-01-03,France,-8,1,7,1.7,0.0,1.75,100.0
4951,1902-04-14,Germany,-13,2,5,25.94,0.0,1.0,89.0
21300,1906-06-17,UK,33,3,6,23.48,0.3,2.23,79.67
6767,1910-09-23,France,68,2,4,239.1554,0.0,1.0073684210527345,98.37412145336502
1560,1911-01-07,Germany,60,5,4,35.64,0.0,1.46,92.0
16773,1912-12-27,Germany,29,4,4,147.6,0.0,2.63,82.3
3358,1916-09-01,UK,41,1,1,21.08,0.0,0.3549367261017758,78.96252670728404
100872,1920-01-01,Germany,20,3,3,56.0,0.0,6.6,60.0
1741,1921-07-01,Germany,-7,4,6,84.65,0.0,1.75,63.6
502,1922-01-26,UK,55,5,4,187.7,2.6,6.35,0.78
106281,1928-06-16,UK,12,4,6,10.67,0.0,3.36,84.64
11902,1931-07-24,Germany,75,2,3,10.28,0.0,10.69,54.0
321,1938-04-09,UK,-2,2,6,1.4,0.0,6.0,0.43
19571,1938-11-27,Germany,-6,3,5,44.6,0.0,3.25,80.0
8381,1939-05-04,Germany,89,5,6,194.35,0.0022191956941957,0.5612473856958,0.96805103614969
156,1943-05-03,UK,81,3,6,1.22,0.0,1.63,94.2
3231,1945-04-20,Germany,37,4,6,133.66,1.12,2.3,96.73
766,1947-06-07,Germany,60,5,5,7.6,0.0,2.55,83.2
1763,1949-03-12,Germany,50,4,7,2389.0,0.0,1.35,86.97
790,1949-12-01,Germany,-92,2,6,58.2,0.0,6.0,0.9
19045,1950-05-22,France,3,4,5,14.97,0.0,0.0,78.37
6767,1955-03-29,Germany,32,4,3,116.0,0.0,1.225,88.72
615,1955-07-23,UK,59,4,4,1.99,0.0,1.140903207,96.31528354
603,1956-01-01,France,43,5,6,559.0,0.0,3.74,72.0
75405,1958-03-16,UK,86,5,3,154.23,0.0,0.896046465963628,99.92083333333333
207,1959-07-31,Germany,-78,1,1,193.55,0.0,3.19,64.0
15563,1964-11-15,Germany,73,4,5,261.67,0.0,3.75,76.0
16,1966-10-01,France,-28,3,2,18.93,0.0,2.0,0.7
71912,1968-03-19,France,-1,1,4,31.01,0.0,1.29,87.8
13047,1968-08-13,Germany,18,3,4,13.58,0.0,2.96,93.0
184,1970-02-01,Germany,-52,3,5,43.03,0.0,1.5,82.0
1535,1970-04-18,UK,39,5,2,63.37,0.0,5.0,80.0
379,1970-09-15,Germany,-21,4,4,250.74,0.0,0.7,84.0
3500748,1971-02-19,UK,14,2,7,4.39,0.0,4.0,1.0
145,1971-06-25,UK,-30,3,5,22.97,0.0,1.7,82.3
26673,1972-07-21,France,11,4,6,74.72,0.0,2.48,96.04
673,1975-10-01,France,83,5,6,23.58,0.0,3.31,99.4
2390,1976-03-08,France,-6,4,5,33.94,0.0,1.02,90.0
837,1976-04-14,France,15,4,4,35.23,0.0,2.32,1.0
1650,1976-05-11,UK,89,5,7,3300.0,0.0,0.23499999999999996,96.73
6730,1976-05-27,Germany,100,5,5,33.5,0.0,10.3,95.6
1829,1976-10-27,France,40,4,4,38.4,0.0,3.361,97.12
1146,1976-11-02,Germany,57,4,6,2225.0,0.31,1.17,82.35
1377,1976-11-16,UK,77,5,5,29.18,0.0,2.4,92.75
91810,1976-11-19,Germany,49,3,3,239.0,0.0,2.92,91.47
7285,1977-03-09,Germany,68,4,7,1514.0,0.0,1.17,90.0
201627,1977-03-10,UK,70,5,6,14486.0,0.4,2.0,94.3
396,1977-09-01,UK,18,4,4,202.19,0.0,1.74,96.79
987515,1978-01-20,Germany,67,4,6,1580.0,0.0,1.93,97.33
6398,1978-03-06,Germany,-26,2,5,46.48,0.0,0.32,91.19
233,1978-04-03,Germany,86,5,5,104.54,0.0,0.2590909090909091,88.0
4099,1978-04-20,UK,1,5,7,19.42,0.0,0.4166666666666666,96.0
217,1978-06-11,UK,1,1,7,24.4,0.0,11.1,0.8
1679,1978-07-18,Germany,-43,4,6,101.0,0.0,0.76875,0.9556766729342416
20285,1979-07-11,UK,75,5,1,300.0,0.0,2.45,81.0
8943,1979-08-11,Germany,78,5,4,1.76,0.0,26.0,0.92
1289,1981-07-07,UK,62,2,4,466.0,0.0,13.999999237060546,96.80691451317378
5295,1981-08-23,Germany,39,3,1,117.0,0.0,1.93,0.79
93513,1981-08-29,Germany,66,4,3,80.0,1.3,0.113,99.94
50265,1983-01-01,Germany,-16,1,5,1.31,0.0,0.106666666666667,0.733333333333333
1429,1983-03-08,France,-49,2,5,296.0,10.0,0.85476214915816,0.81142857142857
101,1983-06-28,UK,55,3,2,122.79,0.0,6.61,90.2
110085,1983-11-24,Germany,-28,5,6,18.69,0.0,1.654,99.41
50004,1983-12-03,France,71,3,3,58.0,0.0,4.89,79.7
3687,1984-01-01,Germany,-1,4,6,512.0,0.0,0.8,14.6
1977,1984-12-16,UK,85,4,5,103.7,0.0,0.25625,91.6666666666667
70,1985-01-01,UK,-13,4,5,924.16,0.0,2.56,10.7
4005,1985-04-14,UK,-20,1,6,119.0,0.0,1.44,93.9
1601,1985-05-22,Germany,21,3,3,520.0,0.0,3.85,87.13698630136986
130880,1985-10-23,UK,13,4,3,184.74,0.0,2.16,0.5
11032,1985-12-16,Germany,86,5,2,57.82,0.0,0.1285479153632977,79.0
5869,1986-01-23,Germany,41,5,5,15.91,0.0,2.0,91.6666666666667
3076,1986-04-23,UK,71,5,4,362.0,0.0,3.11,0.74
10985,1986-04-25,Germany,28,2,3,-4.7,0.0,0.1,10.0
16600,1986-07-05,Germany,-38,3,5,53.0,0.0,2.39,75.0
26377,1986-08-08,Germany,75,4,6,112.16,0.0,3.76,82.0
10381,1986-08-29,France,9,2,6,11.0,0.0,3.6,98.5
1052,1986-09-16,UK,67,4,3,98.5,0.0,0.336,90.5
10175,1986-10-01,Germany,48,5,5,416.0,0.0,2.56,99.97
19407,1986-11-11,Germany,-3,2,7,8.23,0.0,2.0,92.5
7026,1986-12-07,UK,40,1,2,46.25,0.11,3.3,93.5
1059,1987-03-03,UK,-15,5,6,80.85,0.0,0.92,70.0
2177,1987-04-01,UK,21,3,6,295.15,0.0,2.12,86.59
110,1987-06-16,Germany,54,4,6,24.74,1.7,3.67,87.0
2464,1987-09-27,UK,59,5,5,5.829,0.0,0.383,0.772
3760,1987-12-02,Germany,31,2,4,496.84,0.0,0.7212753524345648,86.72338980011237
111,1988-03-22,UK,76,4,5,63.0,0.0,5.0,96.9
3031,1988-05-09,UK,58,5,2,137.14,0.0,1.7,93.2
2849,1988-06-16,Germany,57,4,4,322.71,0.0,2.8,97.4
29992974,1988-06-18,Germany,24,5,5,129.56,0.0,1.5,95.31
2658,1988-08-05,UK,10,2,3,19.2,0.0,0.72,84.62
136,1988-08-12,UK,17,5,4,230.97,1.52,0.46,93.33
557,1988-09-02,Germany,75,4,6,261.0,0.0,2.87,98.21
35304,1988-09-30,Germany,-1,2,1,184.42,0.0,38.6,68.65
1875,1988-10-16,UK,35,3,4,1.19,1.0,0.6868380431510194,0.853658536585366
233,1988-10-28,France,92,5,4,31.35,1.8,14.0,84.6
167,1988-11-19,Germany,91,5,2,139.52,0.0,2.4,91.5
1424,1989-02-08,UK,-14,4,3,62.709385,0.0,1.41,94.0
3488,1989-02-27,UK,30,3,4,151.35,0.0,1.64,82.9
10380,1989-04-04,Germany,71,5,6,0.11,0.0,1.32,40.0
2964,1989-04-09,UK,68,5,3,225.0,0.0,2.59,83.2
955,1989-07-02,Germany,-47,4,6,27.39,0.0,0.6,77.4
42204,1989-08-16,France,15,4,3,561.27,0.0,2.5,99.61
1844,1989-08-16,UK,-100,3,6,222.0,0.0,2.43,80.0
4688,1989-09-03,Germany,-88,1,2,17.1,9.6,6.424,0.1666666666666667
15655,1990-07-05,Germany,77,5,2,1.67,0.0,2.85,81.5
759,1990-08-01,Germany,69,3,5,112.0,0.45,1.6,99.31
326,1990-08-15,Germany,90,5,2,134.17,0.0,3.3,80.0
4026,1990-08-24,France,-1,5,4,20.59,0.0,2.0,85.71
305,1990-09-18,Germany,70,3,4,1014.0,0.0,25.8,95.7
1648,1990-10-16,UK,0,5,4,1.6,0.0,5.3,67.6
2621,1990-11-04,Germany,56,3,5,704.0,0.0,0.14166666666666666,74.27272727272727
13259,1990-12-16,Germany,-98,4,4,1180.0,0.0,2.3,80.0
8,1991-04-07,France,41,3,5,268.49,0.0,8.975,0.572
1615,1991-06-17,Germany,78,5,6,3.97,0.0,1.75,93.2
4768,1991-09-06,France,-12,3,6,16.28,3.15,3.26,92.15
1048,1991-09-10,UK,36,4,4,129.78,0.0,0.267358552151469,62.5
15637,1991-10-01,UK,68,3,1,67.97,0.0,1.66,97.5
6817,1991-11-21,Germany,25,5,7,11.25,0.0,1.62,98.8
2645,1992-04-03,UK,83,4,2,115.38,0.0,3.0,93.48
1,1992-05-05,Germany,70,3,6,272.0,0.0,4.0,92.0
2839,1992-08-11,France,33,2,7,1.84,3.8,1.2,54.2
2649,1992-10-29,UK,-87,2,3,1.55,0.0,1.517064231848086,77.14285714285715
10737,1992-12-09,France,53,3,4,1744.0,0.0,10.9,91.4285714285714
28412,1993-01-01,UK,-12,2,5,249.0,0.0,0.285,0.737
9706,1993-01-01,UK,74,4,4,1301.0,0.0,1.2,0.83
1258,1993-01-29,UK,-16,3,6,99.0,0.0,0.9333333333333333,1.0
11885,1993-03-07,UK,11,3,6,48.26,0.0,5.41,91.46
2584,1993-04-19,Germany,34,5,3,50.78,0.0,5.39,77.8
511,1993-06-01,UK,-69,2,7,11.43,8.83,25.69,72.26
1351,1993-06-04,Germany,53,4,5,2250.0,0.0,1.17,81.0
1759,1993-07-10,Germany,53,4,6,10.15,0.0,1.7,80.0
9277,1993-09-06,Germany,-1,2,4,4.0,0.0,3.0,66.22
13,1993-11-06,France,86,5,2,14.56,0.0,1.17,87.5
20215,1993-12-27,Germany,-25,1,6,1.27,0.0,0.235695015562202,50.0
1202710,1993-12-31,UK,77,5,5,106.9,0.0,11.0,78.0
16972,1993-12-31,Germany,12,3,7,109.5,0.0,1.117954206,100.0
1025,1993-12-31,Germany,-14,3,4,1.84,0.0,6.0,76.25
2907,1994-01-06,Germany,72,5,6,270.0,0.0,4.0,91.5
322906,1994-03-18,Germany,1,3,5,14.0,0.0,0.87,86.2
1266,1994-03-26,Germany,0,2,6,0.0,0.0,8.2,20.6
12270,1994-04-19,France,20,3,4,87.64,0.0,5.33,97.0
5037,1994-04-29,Germany,10,5,4,32.0,0.0,23.3231612384299,1.0
663586,1994-05-07,Germany,52,4,6,20.24,0.0,2.5,71.43
1348,1994-05-17,Germany,23,5,4,162.41,0.0,7.0,0.83
157191,1994-05-18,Germany,-63,3,4,5.894,2.0,1.4,82.0
11715,1994-06-10,UK,68,4,5,1056.26,0.0,0.25,97.83
440,1994-06-18,France,63,1,3,14.89,0.0,0.239888451190186,99.9987321598837
71383,1994-07-05,France,100,5,2,0.0,0.0,2.91,81.32
33594,1994-08-04,Germany,33,3,6,458.0,0.0,3.49,81.25
1579,1994-08-30,Germany,70,4,4,3.31,0.0,29.6,84.0
3204,1994-09-26,France,33,4,5,69.49,0.0,1.05,95.0
12236,1994-10-11,Germany,57,3,4,113.46,0.67,1.6,85.0
11091,1994-11-08,Germany,68,4,2,3.17,0.0,3.27,78.89
7433,1994-11-23,France,28,5,3,4.0,0.0,1.11,94.5
10544,1995-01-01,Germany,61,3,3,13.35,0.0,7.56,60.0
251,1995-01-01,France,-64,3,6,13.6,2.0,1.0,98.4
3385,1995-01-05,UK,73,5,7,123.6,0.0,0.01,93.2
2089,1995-01-27,UK,49,4,2,171.0,0.0,1.23,72.4
12072,1995-03-15,Germany,84,4,4,2.856,0.0,3.21,86.3
1400859,1995-03-24,Germany,-48,3,3,17.35,0.0,8.0,8.0
147965,1995-04-28,Germany,-4,5,2,147.6,0.0,1.9965288140848962,99.58070617817552
216,1995-05-04,Germany,20,5,7,1384.5,0.0,4.5,0.84
122275,1995-05-08,France,8,3,2,2.5,0.0,2.34,74.0
261,1995-05-31,Germany,-12,1,6,18.44,0.0,7.92,79.65
1499,1995-06-12,UK,-31,5,7,442.62,0.0,1.0,78.4
181,1995-07-08,Germany,32,4,3,40.0,0.0,0.466666666666667,91.6666666666667
12698,1995-07-25,France,1,3,5,4.18,0.0,1.8,88.9
176,1995-08-20,UK,39,3,2,21.79,0.0,1.13,91.82
1414,1995-09-01,UK,22,1,5,44.0,0.0,2.9,50.0
5661,1995-09-02,Germany,68,4,6,23.45,0.0,32.0,91.5
55772,1995-09-02,UK,4,1,6,34.83,0.0,1.2,88.9
5599742,1995-10-01,Germany,53,4,6,29.25,0.0,0.75,97.83862929533556
4010296,1995-10-01,UK,-35,5,7,178.22,0.0,1.75,80.0
3009210,1995-11-01,UK,17,5,3,8.0,0.0,1.4,0.92
10563,1995-11-06,France,54,4,2,3.97,0.0,0.1,46.6666666666667
5315,1995-11-11,Germany,-21,3,2,4.35,0.0,2.75,79.2
28057,1995-11-20,Germany,24,3,2,2906.0,8.7,1.61260539284658,93.4104617131987
257,1995-11-21,Germany,57,3,4,14.9,0.0,2.3105852631578907,97.68518518518518
2289608,1995-12-15,Germany,-3,1,5,221.46,0.0,7.97,92.0
2314,1996-01-21,Germany,76,5,6,291.8,0.0,3.7,30.0
221,1996-01-27,Germany,-37,2,2,17.27,0.0,0.4,1.0
26457,1996-02-15,France,94,4,4,121.75,0.0,2.16,93.6
3777,1996-03-03,Germany,1,4,4,133.28,0.0,3.22,71.0
20049,1996-03-15,Germany,-38,3,5,122.0,0.0,0.78,98.38
177,1996-03-18,Germany,33,4,3,109.0,0.0,1.456666666666667,98.60000000000001
1573,1996-04-01,UK,62,5,7,126.0,0.0,3.38,90.3
3214,1996-04-23,Germany,26,2,5,93.67,0.0,22.98,65.5
7599,1996-05-13,Germany,-74,2,3,18.94,0.0,1.21,0.73
15525,1996-05-22,Germany,-45,2,3,24.44,0.1,1.92,0.69
338609,1996-05-23,UK,16,5,3,772.79,0.0,10.46,0.89
2851,1996-05-24,UK,-56,1,4,73.29,0.0,2.55,82.9
10275,1996-05-30,UK,26,3,5,3.65,0.0,1.38,98.8
707,1996-06-14,UK,1,5,3,4.4,0.0,2.0,0.83
116156,1996-06-20,UK,48,3,6,721.0,0.0,0.069190067,99.93848
1454,1996-06-23,France,65,4,5,254.15,0.0,2.76,85.71
25471,1996-07-19,UK,50,4,6,289.0,0.0,5.0,28.0
2681,1996-07-19,Germany,-11,4,5,1.8,0.0,0.0,0.0
1307,1996-07-19,Germany,88,4,5,13.32,0.0,1.12,89.5
16196,1996-07-27,France,13,4,2,107.44,0.0,2.5,64.0
1196,1996-08-08,Germany,55,5,5,211.59,0.0,1.3,96.36
1250,1996-08-28,Germany,53,4,6,224.0,0.8,3.0,95.6
17101,1996-09-08,Germany,-27,2,6,104.45,0.0,1.89,55.23
167463,1996-09-09,UK,4,3,3,107.0,0.0,4.658064516129395,95.0
141,1996-09-12,UK,16,4,4,104.73,0.0,5.27,72.95
26913,1996-09-12,UK,77,5,1,0.17,0.0,1.0,82.4
2098,1996-09-16,Germany,54,2,5,35.3062,0.0,1.5,0.79
21305,1996-09-18,Germany,-25,2,6,152.0,0.0,2.94,0.9024
1925,1996-09-20,Germany,-15,2,7,258.08,0.0,2.2,0.45
12249,1996-09-26,Germany,56,4,4,1.65,0.0,1.48,96.1
43449,1996-10-01,France,65,4,5,196.31,0.0,0.35,86.74
604,1996-10-01,Germany,6,4,7,277.0,0.0,2.084,84.0
101,1996-10-16,UK,57,4,5,140.16,1.15,6.22,91.67
171174,1996-10-29,France,50,3,5,15.979,1.96,1.2,92.73
4555,1996-11-01,Germany,68,4,5,154.84,0.0,2.65,88.13
1053,1996-11-03,Germany,55,5,5,720.26,0.0,0.55,84.16
6324,1996-11-17,UK,18,5,4,69.23,0.0,0.175,98.76
4844,1996-12-01,France,12,1,6,23.1,0.0,19.0,90.0
2064,1996-12-13,UK,63,2,3,144.66,0.0,1.0,97.6
198,1997-01-01,Germany,32,4,6,109.32,0.0,0.09375,77.7777777777778
284596,1997-01-01,Germany,-19,1,5,0.0,0.75,2.15,72.0
20,1997-02-01,France,33,1,2,16.0,0.0,1.5,80.0
71,1997-03-06,France,49,5,5,13.25,0.0,1.6,98.27
485068,1997-03-15,Germany,75,4,3,195.13,0.0,3.26,93.61
1051,1997-03-20,Germany,76,4,5,226.87,0.0,3.2,96.5
1272,1997-03-21,UK,74,5,5,24.950000000000003,0.0,0.725,96.6
1374,1997-04-02,Germany,74,4,5,190.0,0.0,2.2,70.0
4261,1997-04-06,France,59,4,5,73.5,0.0,1.49,84.3
1270,1997-05-13,Germany,74,4,7,4.43,0.0,0.6083333333333334,92.7849765625
20220210160563,1997-05-16,UK,56,4,4,219.05,0.0,0.05,97.1
206,1997-05-19,Germany,-72,2,5,8.2,0.0,2.89,46.0
3587,1997-05-31,Germany,63,3,5,4.85,0.0,1.94,73.03
711,1997-06-02,Germany,73,4,5,19.944,0.0,6.5,0.75
9004,1997-06-02,France,14,5,7,54.0,0.0,1.5,75.0
29672,1997-06-05,UK,39,3,5,15.73,0.0,1.18,94.7
855,1997-06-09,France,49,3,4,18.81,0.0,1.0,78.6
1600,1997-07-19,Germany,-100,3,6,168.94,2.44,2.38,87.04
1289,1997-07-21,Germany,39,4,6,117.0,2.45,2.4225,77.22
1114,1997-08-06,UK,52,5,7,136.503,0.005,1.961,95.244
247,1997-08-11,France,43,5,3,152.57,0.0,1.87,92.31
11028,1997-08-12,Germany,96,5,5,49.47,0.0,0.0,99.73
21612,1997-08-26,UK,6,4,7,2.08,0.0,0.0,96.0
3174,1997-09-01,Germany,23,3,3,195.76,0.0,6.0,88.0
12697,1997-09-03,Germany,73,4,4,163.0,0.0,0.1966666666666667,96.66666666666666
113578,1997-09-25,France,10,3,6,172.44,0.0,2.7,99.0
347688,1997-09-26,Germany,-2,1,3,12.39,0.0,9.85,0.8
3463,1997-10-01,Germany,71,2,3,44.54,0.0,0.56,87.15
921,1997-10-24,Germany,0,4,3,10237.0,0.0,0.1020408163265625,0.9899323350240365
111,1997-11-07,UK,68,3,6,28.81,0.0,0.867,96.18
2117,1997-11-07,Germany,68,3,4,11.0,0.0,1.1,1.0
5290,1997-11-27,France,-37,5,2,-30.91,0.0,2.32,86.5
19176,1997-11-28,France,72,3,5,261.94,0.0,0.057,22.61
786,1997-12-10,Germany,82,5,6,22.22,0.0,2.0,91.44
800,1997-12-12,UK,10,2,6,195.7,0.0,2.29,89.0
9471,1997-12-18,Germany,65,2,4,108.3,0.0,1.8,96.3
5702,1997-12-29,Germany,10,1,4,109.03,10.17,5.42,0.56
10389,1997-12-31,Germany,34,4,3,1429.0,0.0,4.0,90.0
4423,1998-01-02,UK,-24,2,4,77.85,0.0,1.7,76.9
13232,1998-01-20,Germany,51,3,6,5126.0,0.0,21.17,90.3
2165,1998-01-27,Germany,30,3,2,65.0,0.0,1.5,60.0
25152,1998-01-30,Germany,-1,3,5,36.0,0.0,0.0625,35.0
11104,1998-02-01,Germany,11,5,5,3423.0,0.0,0.045,100.0
142,1998-02-12,Germany,12,3,4,2623.67,0.0,1.0,85.71
1837,1998-02-14,France,-31,3,5,175.14,1.96,2.27,70.37
10001,1998-02-15,France,72,5,4,258.55,0.0,1.25,60.0
1002,1998-02-23,Germany,-6,1,5,28.0,0.0,4.8,34.0
1198,1998-02-27,Germany,12,1,4,20.302,0.0,2.0,80.0
3383,1998-03-13,UK,79,4,1,4.24,0.0,0.0356,95.5
199,1998-03-23,France,14,4,5,875.0,0.62,2.37,73.32
2598,1998-03-27,UK,20,3,3,172.0,0.12,1.79,83.92
18746,1998-04-08,UK,4,4,6,280.0,0.0,2.93,79.24
88168,1998-04-15,UK,-14,1,4,473.0,1.0,2.2,63.9
10903,1998-04-15,Germany,-91,5,6,38.0,0.0,1.79,80.0
13939,1998-05-02,France,47,3,3,199.16,0.0,0.493,95.04
10318,1998-05-04,UK,100,5,4,117.11,0.0,0.08833333333333333,80.0
19015,1998-05-11,Germany,57,4,3,195.18,0.0,0.0,70.21
4912,1998-05-20,UK,68,3,4,36.0,0.0,2.46,85.0
5018,1998-05-21,Germany,12,4,3,130.0,0.0,3.5,98.0
9002947,1998-06-03,Germany,10,2,6,15.25,0.0,5.0,60.0
3351,1998-06-12,UK,62,4,7,44.41,0.0,2.2,80.95
101266,1998-06-13,Germany,66,5,4,26.36,0.0,0.0034,57.0
1147,1998-06-22,France,79,5,3,5.223,0.0,0.2901582162179659,90.44020614200393
1068,1998-07-07,Germany,80,3,3,94.73,0.0,0.28498949203096,0.74837776862363
67039,1998-07-21,UK,27,2,5,14.0,0.0,3.0,0.8333333333333333
588,1998-07-31,France,11,3,4,113.0,0.0,2.7,62.6
4383,1998-07-31,Germany,59,5,4,165.46,0.0,2.13,75.5
10022,1998-08-01,Germany,81,5,6,48.63,0.0,0.7897959183671875,91.23
1000,1998-08-02,Germany,86,4,3,221.25,0.0,46.26,93.4
161,1998-08-14,UK,-9,1,1,1.0,1.0,1.0,0.0
2163,1998-08-15,Germany,32,4,4,28.67,0.0,2.83,76.0
28851,1998-08-26,UK,89,4,7,139.6,0.0,0.75,79.96
1930,1998-08-30,France,77,4,2,155.3,0.0,5.8,41.7
512,1998-09-01,UK,16,2,4,15.93,0.0,2.26,77.6
3642,1998-09-05,Germany,95,5,5,1.93,0.0,0.36,0.95
692,1998-09-12,UK,17,2,4,2.497,0.0,4.0,90.2
151131,1998-09-22,Germany,-12,3,4,214.4,0.0,2.0,8.3
1322,1998-09-30,Germany,14,2,6,29.45,0.0,1.34,97.0
1020,1998-09-30,Germany,-64,1,6,338.28,0.0,3.0,94.75
810776,1998-10-26,UK,94,5,4,141.34,0.0,0.2,87.5
1646,1998-10-31,UK,30,4,2,29.6,0.2,0.79,68.33
5033,1998-11-21,UK,44,4,6,61.0,0.0,0.0,90.0
375,1998-11-23,Germany,45,4,5,42.65,0.18,1.05,80.0
5759,1998-12-19,France,86,3,3,40.92,1.58,1.1,98.42
75759,1998-12-27,Germany,36,3,3,25.96,1.43,5.849,72.23
802,1998-12-28,Germany,-74,4,6,77.36,0.0,0.75,99.9
308,1999-01-01,UK,73,5,4,156.05,0.0,0.8671875,85.0
3845,1999-01-02,UK,-49,2,3,0.0,0.0,1.35625,88.8888888888889
3653,1999-01-08,UK,63,4,3,114.875,0.0,1.75,90.9
1000003756,1999-02-05,UK,31,4,3,11.76,0.0,1.44,74.00000000000003
1957597,1999-02-08,UK,36,4,4,165.86,0.0,1.21,93.68
35842,1999-02-26,Germany,79,5,3,26.8,0.4,0.72,97.8
255,1999-02-28,Germany,18,4,4,145.0,0.0,0.5416666666666667,63.63636363636364
120,1999-03-10,UK,7,5,3,111.64,0.0,0.15,99.75
432,1999-03-19,Germany,-19,1,5,61.8446,0.0,5.0,100.0
81006,1999-03-23,UK,6,4,4,10.17,0.0,2.1,65.0
1836,1999-03-25,Germany,9,3,5,99.5,0.0,2.84,69.46
120,1999-04-07,France,23,5,5,1181.0,0.0,1.0,90.0
2218,1999-04-13,Germany,55,4,5,10.0,0.0,1.63,78.42
711,1999-04-15,Germany,-1,2,4,14.0,0.0,0.548,81.4285714285714
1160986,1999-04-24,Germany,73,4,5,1.45,0.0,15.0,87.5
507,1999-04-30,Germany,-3,5,6,25.77,0.0,1.67,96.32
9082,1999-05-01,UK,22,2,5,680.0,0.0,4.9,86.97
9551,1999-05-05,UK,0,4,2,1.1,0.0,1.46,95.0
1891553,1999-05-07,France,-55,2,4,215.49,0.0,3.257142857142857,81.63303323032304
51673,1999-05-10,France,17,3,5,352.0,2.36,0.1997205,87.25
1359,1999-05-13,France,71,5,5,22.13,0.0,1.0,93.4
10022,1999-05-15,UK,-53,4,5,1.1,0.0,10.78,91.76
2261,1999-05-16,Germany,7,5,3,12.12,4.5,1.85,63.0
106,1999-05-16,France,26,3,2,-1.0,0.0,21.5,0.0
174336,1999-05-18,UK,13,4,4,348.0,0.1,0.23445347,29.0
10809,1999-05-30,UK,8,4,2,1104.0,0.0,2.0,95.6
3212,1999-05-31,UK,79,3,5,191.0,0.0,1.39,90.0
114806,1999-06-03,UK,88,5,3,128.95,0.0,2.79,81.0
10170,1999-06-05,Germany,68,5,4,552.0,0.0,0.5649977,95.0
6124,1999-06-11,France,85,5,5,577.0,0.0,15.0,76.6
2109,1999-06-18,France,71,5,5,43.64,0.0,1.7,97.5
68426,1999-06-24,Germany,4,3,6,15.3,0.0,0.2333333333333333,94.9
16975,1999-06-25,France,40,4,5,42.01,0.0,2.6,81.25
1015,1999-07-01,France,55,4,4,127.0,0.0,3.81,55.0
1842,1999-07-01,UK,31,3,5,105.4,0.0,1.8666666666666667,91.0
4536,1999-07-07,Germany,57,3,5,27.55,0.0,2.34,79.4010105239656
19556,1999-07-11,UK,-54,1,6,2.0,1.4,1.85,76.0
1036,1999-07-29,UK,64,4,6,111.14,0.12,2.8,90.0
1216,1999-07-31,Germany,85,4,4,390.87,0.0,2.5,96.8
20379,1999-08-01,Germany,-44,3,7,3199.0,0.0,9.3125,82.0
582,1999-08-01,Germany,65,4,3,14.49,0.0,1.8666666666666667,81.66666666666667
1008327,1999-08-07,UK,22,4,3,1.64,0.0,2.83,63.33
2217,1999-08-12,UK,-4,4,6,65.82,0.0,0.62,99.5
288706477,1999-08-13,UK,82,3,5,36.67,0.0,0.875,93.75
218,1999-08-18,France,91,4,3,6.67,0.0,9.0,91.7
888,1999-08-19,France,36,5,4,107.56,1.1,1.1544444444444444,93.87
104649,1999-08-21,Germany,50,2,6,350.0,0.15,2.5,92.0
21835,1999-09-01,Germany,78,5,7,2226.61,0.0,7.0,96.4
1018,1999-09-02,France,63,3,1,1.75,4.56,0.61,96.98
532,1999-09-19,Germany,25,2,4,5.78,0.0,0.7666666666666666,0.9891786312112879
1646,1999-09-29,Germany,-14,2,4,116.6,0.0,0.33,0.43
1010,1999-09-30,France,14,4,2,71.4,0.0,2.3,64.75
1000,1999-09-30,France,-47,2,4,19.1,0.0,0.705,93.4
80330,1999-10-14,Germany,62,4,4,12.85,0.0,1.47,79.25
13549,1999-10-17,France,-14,1,2,236.0,0.0,3.0,50.0
5415,1999-10-25,Germany,43,4,5,14.19,0.0,2.6,92.5
25100,1999-11-04,Germany,23,3,5,34.71,2.0,0.5,93.6
2406,1999-11-12,UK,-1,3,7,32.27,0.0,12.0,0.4
1174,1999-11-19,Germany,-24,4,5,344.59,0.0,0.1666666666666667,91.66666666666667
73546,1999-11-28,Germany,46,3,4,32.69,0.14,0.0723496051944048,92.39
12140,1999-12-01,UK,-22,4,6,1359.33,1.14,1.43,97.8
3021,1999-12-02,UK,62,5,4,242.0,0.0,1.610221601949146,84.13957403716506
959396,1999-12-15,UK,10,5,1,30.53,0.0,2.0,86.7
38661,1999-12-23,Germany,24,3,5,25.58,1.3,1.53,97.00299924030588
157039,1999-12-23,UK,14,4,1,29.56,0.0,2.32,96.76
854,1999-12-27,Germany,53,3,5,178.0,0.0,4.0,85.0
79,1999-12-30,France,85,5,6,6.22,0.0,0.8479,97.22
3195,1999-12-31,UK,84,4,5,0.0,0.0,0.982703956,77.5
1083,1999-12-31,Germany,79,5,3,614.53,0.0,2.0,84.0
1046,1999-12-31,Germany,67,4,5,4.15,0.0,1.94,96.66
10271,1999-12-31,UK,69,4,2,3.19,0.0,2.688,92.3
12412,2004-12-22,UK,86,5,5,936.0,0.0,0.07456764874187256,97.6
234,2006-09-10,Germany,4,3,2,2.31,0.0,0.15,88.0
4286,2007-10-29,UK,43,4,4,179.22,0.0,2.44,81.73
5226,2008-01-09,France,-53,2,2,195.44,0.0,5.99,61.86
33660,2008-08-14,France,23,5,5,16.47,1.43,3.75,99.16
4080,2008-08-17,UK,88,5,1,237.65,0.0,1.17,81.3
1892,2008-10-13,Germany,60,3,6,28.5,0.0,1.74,75.0
223243,2010-01-01,UK,56,3,5,261.0,0.0,0.7999999999999999,99.6
7746,2010-02-05,UK,10,5,4,131.96,0.0,1.28,74.64
1002,2010-03-06,France,25,3,2,131.92,0.0,7.0,78.5
541,2010-03-31,Germany,22,3,6,10.38,0.0,1.58,87.5
6583,2010-06-29,Germany,-27,3,3,171.0,0.0,3.75,80.0
336,2010-09-23,Germany,67,3,6,94.6,1.0,3.16,93.2
1015,2010-10-26,UK,40,3,3,315.62,0.0,10.2,93.6
15800,2011-01-17,Germany,-3,2,1,29.47,1.04,29.0,80.0
2388,2011-01-18,Germany,12,2,6,3.54,0.1,0.5852291666666666,76.35185185185185
100003,2011-02-28,UK,-27,3,5,1258.0,0.0,2.94,50.84
4195,2011-03-05,UK,74,3,6,20.0,0.0,0.00232,0.16666666666666666
2819579,2011-03-14,France,18,2,7,3.3,0.2,1.4,82.03
43105,2011-03-16,France,24,4,6,235.83,0.0,4.99,95.56
542,2011-03-21,UK,75,5,6,59.62,0.0,5.5,86.0
347,2011-04-01,UK,36,1,5,4.7,0.0,0.67,86.82
47912,2011-04-04,Germany,-6,4,5,4.2,0.0,4.39,0.26
75600,2011-05-01,Germany,44,3,5,130.59,0.0,1.77,93.25
1357,2011-05-09,Germany,69,2,5,261.59,0.0,3.27,70.8
280,2011-05-13,France,53,3,5,12.0,0.33,0.34166667,93.0
1761,2011-05-19,UK,73,5,2,0.57,0.0,0.0,97.3
15433,2011-06-17,France,25,4,6,4.98,0.0,0.280815045,79.45
47004,2011-07-06,Germany,12,4,5,1.9,0.0,1.8,0.79
1254,2011-07-30,France,-9,4,6,12.29,0.13,1.5,0.77
1061,2011-10-01,Germany,4,4,7,61.0,0.0,0.0,100.0
187979,2011-10-15,France,78,4,6,148.41,0.0,10.0,97.87
1502,2011-11-21,France,72,4,5,19.9,1.49,1.74,90.0
2752,2011-11-28,UK,-57,2,6,1.5,0.0,0.9,62.0
16565,2011-12-12,Germany,42,4,5,567.88,0.0,1.64,81.23
2582,2011-12-20,France,39,4,3,541.65,0.0,0.37,84.85
1779,2011-12-31,Germany,81,5,3,2.5,0.0,2.0,97.0
18900,2012-01-01,Germany,-40,3,5,266.74,0.0,2.3,91.0
13916,2012-02-14,France,82,5,4,60.69,0.0,0.305541899115332,94.42
101097,2012-04-01,Germany,-40,1,6,53.0,0.0,1.95,71.0
3168,2012-05-28,France,47,3,2,1690.22,0.0,18.9367000288172,84.0659399757323
5773,2012-05-28,Germany,21,2,2,73.0,0.0,0.575,84.0
15242,2012-06-11,Germany,70,4,4,421.47,0.0,0.597063796530273,88.5
4271,2012-07-01,UK,57,5,4,1708.0,0.0,3.3,23.5
17951,2012-07-27,UK,16,2,2,21.3,0.0,0.3935910101319141,80.1
115794,2012-09-01,France,-10,1,1,109.54,0.0,1.0,78.6
1222,2012-09-14,France,62,5,4,252.0,0.0,1.93,73.41
498,2012-09-30,Germany,70,4,4,634.0,0.0,1.4066666666666667,80.0
358,2012-10-05,UK,50,4,5,13.12,0.0,0.7333333333333333,99.42307692307692
8528,2012-10-24,Germany,12,3,2,34.48,0.0,0.0294117647058821,91.6666666666667
113700,2012-10-31,UK,67,5,2,134.95,0.0,2.25,90.16
935,2012-11-02,UK,-42,1,4,31.87,0.0,7.0,80.0
16781,2012-11-15,UK,89,5,7,19523.0,0.0,1.46,99.3
2086,2013-01-12,Germany,-23,5,4,12.14,0.0,1.0,85.86
10889,2013-01-15,Germany,33,4,3,42.35,0.0,2.48,85.4
821,2013-02-07,UK,62,5,4,4.22,3.16,1.43,87.67
139,2013-02-16,Germany,31,3,3,8.7,0.0,62.0,92.26
71327,2013-03-09,France,31,2,4,42.65,0.0,0.444375,0.9203125
4794,2013-03-16,Germany,66,3,4,243.72,0.6,0.25,84.0
1154,2013-03-20,UK,17,4,4,1.39,0.0,2.5,77.36
651,2013-03-21,UK,83,5,6,65.8,0.0,0.25,99.6
16859,2013-04-02,UK,25,1,4,17.7,0.0,2.3,87.3
10927,2013-04-09,Germany,44,2,5,68.05,0.0,34.0,0.75
35183,2013-05-05,Germany,9,3,4,5.0,0.0,1.0,70.0
532,2013-05-26,Germany,-6,4,2,586.0,0.0,1.114189275931789,72.31726199371155
3282,2013-07-01,Germany,84,4,6,3.1,0.0,0.5234,0.6875
4577,2013-07-26,Germany,63,4,4,89.0,0.0,4.58,82.4
119872,2013-08-06,France,5,4,5,110.64,0.0,1.57,99.59
1489,2013-09-08,Germany,6,4,6,873.55,0.1,2.93,87.5
1275,2013-09-08,Germany,-85,4,3,208.39,0.0,3.63,1.0
12909,2013-10-11,UK,4,3,4,174.91,0.0,5.2,72.0
17601,2013-10-16,UK,72,5,6,63.25,0.0,0.603815482464456,100.0
147,2014-01-21,UK,33,3,3,28.5,0.0,0.0,50.5
568,2014-02-01,UK,3,4,4,1.46,1.5,24.29,0.79
500,2014-03-15,Germany,-8,2,1,109.21,0.0,1.17,75.0
3286,2014-03-17,UK,-28,4,4,30.953,0.0,14.0,65.0
1102,2014-03-25,Germany,76,5,6,27.05,0.0,0.365452252,85.55555555555554
1016,2014-03-26,Germany,-8,1,6,266.56,0.0,2.89,93.75
5532,2014-04-13,France,61,2,7,2.22,0.0,3.0,40.0
1001,2014-04-26,France,56,5,4,22.0,0.0,1.35,87.0
9037,2014-05-01,Germany,21,4,3,59.78,0.0,0.33,90.66
2444,2014-05-03,UK,82,4,7,378.57,0.0,0.67,50.0
1357,2014-05-03,Germany,20,2,6,128.79,0.0,0.58,97.12
11,2014-05-07,France,94,4,5,24.0,0.0,0.76,82.8
7972,2014-05-08,UK,100,4,4,0.0,0.0,0.4473684210526367,91.00007001086448
4574,2014-05-09,Germany,76,5,6,29.8,0.0,0.75,93.6
13600,2014-05-11,UK,93,5,1,29.9,0.0,1.15,0.98
4560,2014-05-12,UK,10,4,4,2.19,0.0,4.2,1.0
2218,2014-05-20,Germany,65,2,2,610.35,0.0,1.32,61.8
4778,2014-05-20,France,27,5,6,22.7,0.0,25.6,96.3
2918,2014-05-22,France,-22,2,7,1.5,0.0,1.0,1.0
3414,2014-05-23,UK,33,4,4,13.37,0.0,31.89,92.4
36784,2014-06-11,Germany,29,3,1,13.72,0.0,1.0,99.66
625,2014-06-18,Germany,53,5,5,611.0,0.0,4.866666666666667,91.66666666666666
148347,2014-06-23,Germany,24,4,5,357.68,0.0,27.3,96.5
854,2014-07-12,France,63,1,5,1248.52,0.0,1.83,72.5
6145,2014-07-28,UK,66,3,4,49.44,0.97,6.9,87.22
15961,2014-07-31,UK,-5,3,3,115.56,0.0,0.623562222,69.9
10022,2014-08-07,UK,11,3,4,41.97,0.13,0.64,84.62
713,2014-08-15,Germany,6,5,7,136.0,0.102,1.5,93.6577
11463708,2014-08-15,UK,48,5,6,222.09,0.0,0.79,93.77
137168,2014-08-17,Germany,26,5,4,73.26,0.0,4.77,80.0
196976,2014-08-22,France,31,5,1,221.42,0.0,0.29,90.2
190,2014-08-24,France,48,5,3,132.0,0.0,1.53,87.0
1139,2014-09-08,UK,71,5,6,39.30209512,0.0,1.75,90.0
1413,2014-09-09,France,25,4,6,324.0,0.0,1.83,95.62
612,2014-09-10,UK,16,5,5,375.0,0.0,3.0,100.0
1871,2014-09-16,France,-17,4,7,2.75,0.0,1.36,0.67
17136,2014-10-10,UK,23,4,4,301.61,0.0,0.245,0.637
766,2014-10-23,Germany,13,3,5,12.0,0.0,1.17938117235951,90.0
14279,2014-10-26,Germany,67,5,5,21.4,0.0,0.005386184538618452,96.1
1002,2014-10-28,France,99,5,7,1497.0,0.0,0.139243,0.822188
4551,2014-12-01,UK,-13,3,4,15.72,0.0,1.37,63.33
903,2015-01-01,Germany,-8,1,5,14.43,0.0,1.49,97.44
593,2015-01-01,UK,25,3,5,1.73,0.0,1.95,80.0
1226,2015-01-06,Germany,25,5,5,130.24,0.0,1.76,96.25
12941,2015-01-09,Germany,11,3,5,42.1,0.0,2.400053123562845,65.3
1647,2015-02-05,Germany,8,4,3,496.0,0.0,1.542236464672456,80.0
308,2015-02-22,France,-11,5,4,5.58,0.0,1.34,95.0
237,2015-02-22,France,-22,2,2,15.5,0.0,1.2,0.51
2762,2015-03-01,UK,-72,3,5,58.63,0.0,2.36,2.7
1957985,2015-03-02,Germany,99,5,5,243.47,0.0,0.015784705817066,65.0
1455,2015-03-05,Germany,1,5,5,10.5,0.0,0.2666666666666667,98.96407383933875
1746,2015-03-17,UK,52,4,6,5048.0,0.0,3.66666666666667,82.8
7137,2015-03-21,UK,71,4,2,16.58,0.0,0.594786283647218,48.5
529,2015-03-25,UK,-4,4,4,55.89,7.32,0.2638888888888889,84.14
10304,2015-03-26,France,61,3,3,25.3,0.0,1.26,81.12
1432,2015-03-30,France,52,3,1,38.35,0.0,0.9044,87.4
270,2015-04-15,France,56,3,5,870.07,0.0,0.5085185185185185,90.0
116525,2015-04-16,Germany,65,5,4,194.16,0.0,0.5496666666666666,82.8
1250,2015-04-28,Germany,35,5,4,1636.76,0.0,2.35,91.19
15882,2015-05-01,Germany,42,3,3,12.7,0.0,0.875,24.7
31012,2015-05-01,Germany,20,4,6,12.6635,0.0,2.25,96.3043
338,2015-05-03,Germany,14,3,5,7.19,0.0,1.166666666666667,86.20689655172414
535,2015-05-09,France,-76,1,2,7.72,1.14,2.2,16.0
318,2015-05-11,Germany,78,4,3,245.86,0.0,4.0,88.0
1834,2015-05-17,UK,81,4,5,841.0,0.0,1.6,70.2
1552,2015-05-26,Germany,48,5,7,104.29,0.0,0.96875,89.8
686,2015-06-01,UK,79,4,3,1631.0,0.0,1.5916666666666668,79.0
20782,2015-06-08,Germany,100,5,3,1.0,0.0,2.47,95.71
12904,2015-06-18,France,1,4,3,20.62,0.1,1.49,90.0
20295,2015-06-21,France,0,3,2,121.86,0.0,4.366666666666667,58.75
796,2015-06-25,France,21,1,5,1528.0,6.25,1.61,75.0
581,2015-06-28,UK,63,5,6,49.25,0.0,2.29,85.4
479,2015-06-28,France,51,2,2,18.19,1.0,1.5,86.3
1034,2015-07-11,Germany,82,5,5,18.31,0.0,3.4,68.23
1011,2015-07-11,UK,83,3,4,23.08,0.0,1.59,93.0
1914,2015-07-28,Germany,65,5,3,28.37,0.0,0.26,93.55
2698,2015-07-31,Germany,9,4,2,120.21,0.0,0.2702,78.51
19121,2015-08-01,Germany,-12,2,4,241.58,0.0,14.75,79.22
601,2015-08-02,UK,12,5,3,40.0,0.0,1.109375,80.0
1396,2015-09-18,Germany,16,4,1,29.32,0.0,0.336666666666667,90.99999999999999
13673,2015-09-22,UK,100,5,4,5.91,0.0,1.9,72.7
2192,2015-10-01,France,18,3,4,159.71,0.0,3.67,51.72
18430,2015-10-05,Germany,79,4,4,52.97,0.0,1.7,55.0
3741,2015-10-12,UK,-51,1,7,149.0,0.0,0.836666666666667,92.0
5217,2015-10-18,UK,66,4,3,140.0,0.0,5.06,82.0
925,2015-11-01,Germany,77,4,3,59.01,0.0,1.25,84.0
2937,2015-11-02,UK,80,5,6,16.5,0.0,0.616666666666667,88.10000000000004
972,2015-11-07,UK,86,5,2,431.1,0.0,0.9666666666666667,90.2068115942029
2717,2015-12-03,Germany,18,4,5,16.68,0.0,1.65,80.31
4875,2015-12-04,UK,98,5,6,60.45,0.0,2.2,93.25
232,2015-12-06,UK,59,4,4,1472.22,1.48,5.12,73.33
3155,2015-12-22,UK,36,4,3,198.32,0.0,3.44,86.0
4746121,2015-12-28,UK,57,5,2,13.34,0.1,0.13,82.96
7298,2016-01-05,France,77,4,5,19.14,0.0,1.69,94.0
12457,2016-01-14,UK,-5,5,4,150.0,0.0,0.93,94.11
36727,2016-01-21,Germany,-3,1,4,19.81,0.0,0.069,85.54
131115,2016-01-26,Germany,56,3,2,129.1,0.0,22.0,80.0
64242,2016-01-26,Germany,1,4,4,157.885,0.0,0.223,0.824
4211,2016-01-31,UK,3,5,5,386.25,0.0,1.5,97.34
2015,2016-01-31,UK,-8,2,5,2.0,1.5,0.103333333333333,78.9
11748,2016-02-02,Germany,-10,5,6,60.99,0.0,0.0,100.0
134644,2016-03-01,Germany,81,1,3,6.18,0.0,1.0,91.4
1139774,2016-03-05,UK,66,4,5,153.66,0.0,1.75,91.28
390,2016-03-05,Germany,41,3,6,1513.0,0.0,0.9583333333333333,94.0
310981,2016-03-09,Germany,-1,1,4,13.04,0.0,5.0,92.0
371,2016-03-19,Germany,3,3,3,18.14,0.5,2.9,75.0
3225,2016-03-26,UK,68,4,3,1.83,0.75,2.45,81.0
1504,2016-03-30,Germany,5,2,6,277.51,0.0,1.0,97.8
63497,2016-04-16,Germany,27,4,6,539.11,0.0,3.67,89.34
666,2016-05-05,Germany,12,4,3,10.5,0.0,1.2,0.72
1461,2016-05-11,France,57,2,6,45.581,0.0,0.1956904761904762,98.88314416659784
509,2016-05-16,UK,59,3,3,0.0,0.0,3.4,97.91
3852,2016-05-22,UK,11,5,2,450.0,0.0,2.14,67.0
8997,2016-05-25,France,55,2,4,79.07,0.0,6.52,75.0
805,2016-06-09,Germany,18,5,3,122.42,1.21,1.8,76.7
295101,2016-06-20,UK,-29,1,6,177.0,0.0,2.0,82.0
5447,2016-06-30,France,1,4,5,16.61,0.0,0.16875,94.1666657
16860,2016-07-01,UK,80,5,4,522.0,0.0,3.84570535288,97.24
10720,2016-07-01,France,-100,1,3,1.83,0.0,2.01,0.71
1364,2016-07-08,France,63,4,6,3.97,0.0,1.35,95.27
5687,2016-07-09,Germany,-3,2,3,13.39,0.0,3.0,86.7
19051,2016-07-15,UK,88,4,3,210.96,0.0,2.935699167516781,95.83333333333334
4195846,2016-07-15,France,5,4,4,48.42,0.0,1.5,40.0
1246,2016-07-20,UK,56,5,6,221.57,0.0,0.2595268917545924,99.8345641469819
100194,2016-07-27,UK,19,3,1,22.72,3.33,10.9,0.85
5960,2016-07-28,Germany,-68,1,4,48.0,0.0,0.7938445908964844,99.99999999999999
1064,2016-08-08,UK,84,4,6,12.396553,0.0,1.2,82.8
3165,2016-08-16,UK,23,4,2,334.99,0.71,6.9886724,73.57
1082,2016-08-21,Germany,-65,1,7,0.0,0.0,6.9,37.5
627025,2016-08-23,Germany,13,4,4,118.23,0.0,1.6666666666666667,85.71428571428572
1291,2016-08-24,Germany,44,3,3,2.623,0.0,4.47,93.0
2791,2016-09-12,Germany,88,4,5,4014.0,0.0,4.3875,84.4
1433,2016-09-16,UK,93,5,3,370.0,0.0,0.5,98.0
5859,2016-09-17,Germany,31,4,6,125.68,0.0,3.4,93.7
103,2016-09-22,France,34,4,5,1207.35,0.0,1.32,96.1
114,2016-10-01,UK,25,3,6,274.0,3.0,14.172222222222222,90.0
4005,2016-10-09,Germany,81,5,7,283.85,0.0,25.0,92.0
5272,2016-10-22,Germany,60,4,5,44.36,0.0,0.54,0.88
528,2016-10-24,Germany,39,5,4,16.34,0.0,1.76,99.8
1744,2016-10-28,Germany,40,4,2,90.22,0.0,2.49,71.0
125,2016-11-22,UK,-26,3,7,110.52,0.0,1.4,85.34
246,2016-11-24,Germany,17,4,6,11.96,0.0,1.25,82.85
447,2016-11-26,Germany,-13,4,2,2.0,0.0,2.88,87.85
558482,2016-12-02,Germany,40,3,6,124.53,0.0375,0.28125,0.90625
171,2016-12-26,Germany,9,4,5,22.11,0.0,1.58,80.0
36179,2017-01-01,France,44,2,5,101.2,0.0,1.7,0.89
11151,2017-01-01,France,64,5,7,79.83,0.0,2.38,81.0
49986,2017-01-01,France,27,3,6,13.86,0.1,0.5566140441623341,0.8569100865069934
2968,2017-01-04,Germany,40,4,2,51.0,0.0,10.5,74.6
988,2017-01-06,UK,100,5,1,205.5,0.0,1.48,91.73
2095,2017-01-08,UK,-85,2,5,2324.22,0.0,7.25,86.7
1600,2017-01-12,UK,78,4,4,2.48,0.0,0.7824,91.25
7192,2017-01-25,Germany,58,4,5,312.67,0.0,0.0635041927786212,95.0211373112828
437191,2017-02-14,Germany,93,5,6,32.21,0.0,1.7,84.0
4137,2017-02-16,UK,44,3,3,164.66,1.0,1.68,46.0
9569,2017-02-16,Germany,30,3,3,580.0,0.0,11.0,88.88888888888889
3463,2017-02-24,Germany,78,5,4,137.34,0.13,0.284,91.67
1655,2017-02-24,UK,66,4,2,115.86,0.0,1.5,88.65
392,2017-02-27,Germany,5,5,3,237.76,0.0,2.12,95.0
1099,2017-03-01,France,16,2,4,53.97,0.0,1.39,85.88
30154,2017-03-01,UK,-7,2,5,16.13,0.0,0.35,80.0
1184,2017-03-01,Germany,66,4,5,22.0,0.0,1.5349197607358855,83.4782608695652
5293,2017-03-04,Germany,85,5,5,37.95,0.0,1.69,74.76
1063,2017-03-18,France,-90,4,7,133.28,0.0,4.5,97.9
11140,2017-03-26,Germany,-66,3,2,216.37,2.0,0.47040887,86.4212
18398,2017-03-28,UK,-2,3,4,23.26,0.0,3.5,81.64
80,2017-04-02,France,-42,3,6,76.0,0.0,1.3,78.0
182,2017-04-10,Germany,20,4,5,31.89,0.0,2.24,95.17
82056,2017-04-13,France,17,5,6,3.3114061,0.0,2.0,0.76
119367,2017-04-15,Germany,14,3,4,902.0,0.0,2.9,86.65
10000,2017-04-18,UK,58,4,4,134.0,0.0,0.0843137255,97.62403391
1255,2017-04-20,Germany,88,5,5,858.85,0.0,0.1853908983095874,99.72879784972748
138,2017-04-21,UK,-55,1,6,21.76,0.0,0.71,69.36
1268,2017-04-24,UK,99,4,3,199.59,0.0,1.0,91.66666666666666
855,2017-05-08,France,10,1,7,11.41,0.0,0.566666666666667,99.3999999999999
12081,2017-05-14,Germany,-27,2,3,1.4,0.0,5.92,5.0
11240,2017-05-15,Germany,8,3,2,14.8,0.0,2.92,71.0
262969,2017-05-16,UK,53,3,2,18.55,0.0,0.328,73.6
5089,2017-05-20,UK,39,4,7,256.6,1.6,1.21,92.57
9464,2017-05-21,UK,56,4,6,52.0,0.22,0.7166666666666666,96.8
650,2017-05-24,France,82,4,5,104.67,0.0,1.98,93.95
26235,2017-05-28,Germany,-10,2,2,-5.9,0.0,1.86,98.0
1006,2017-05-29,UK,-6,3,2,142.41,0.0,0.2273739061283216,77.621875
5,2017-06-05,UK,62,5,6,21.5,0.0,0.3083333333333333,93.27272727272727
1282,2017-06-07,France,77,4,3,40.59,0.0,3.68,74.69
46054,2017-06-17,Germany,70,4,4,114.77,0.0142857142857143,24.95,85.97
656,2017-06-28,Germany,55,4,3,1.58,0.0,20.0,91.98
24,2017-07-06,Germany,62,4,6,165.29,1.48,0.07065556838617676,0.9834224423895447
1803,2017-07-11,France,79,5,2,226.0,0.0,1.97,98.56
1515,2017-07-15,Germany,33,3,6,33.23,0.0,1.0,62.88
369,2017-07-20,Germany,12,4,4,20.14,0.02,1.48,99.96
637,2017-07-28,UK,30,4,3,1.52,1.0,0.86573156,87.0
16601,2017-08-01,Germany,56,4,1,7.87,0.0,1.22,8.84
16440,2017-08-01,Germany,-7,2,5,68.294,0.0,1.7,91.3
127733821,2017-08-02,UK,-1,1,1,104.34,1.0,2.27,91.42
101219,2017-08-07,Germany,47,5,2,10.94,0.0,12.0,73.6
6559,2017-08-09,Germany,87,5,6,258.57,0.0,1.2608260387499999,91.66666666666667
1142987,2017-08-12,Germany,64,5,2,18.3,0.3,1.23,79.0
10689,2017-08-22,UK,1,1,2,1.89,0.0,0.08403326307233587,0.67
4714,2017-08-24,Germany,71,3,2,70.05,0.0,0.642857142857143,78.0741613526141
17393,2017-08-25,Germany,-86,3,2,558.03,0.0,3.68,90.47
58590,2017-09-15,Germany,74,4,3,451.0,0.0,0.15790679,99.12
298,2017-09-21,France,32,4,4,16.923,1.0,1.403140477,83.47131975
1066,2017-09-24,UK,74,4,2,-1.14,0.0,0.0,99.99
12650,2017-09-27,France,-43,3,3,121.86,0.0,2.0,80.0
252,2017-09-29,Germany,69,5,3,644.0,0.0,1.0,94.07
378,2017-09-30,Germany,6,3,5,127.12,0.0,4.49,93.42
2351,2017-09-30,UK,39,5,3,1065.83,0.0,1.43,90.0
4956,2017-10-02,France,66,5,6,77.0,0.0,2.302832859805713,93.71905936794644
22161,2017-10-11,UK,56,4,6,162.0,0.0,5.0,94.5
6927,2017-10-17,Germany,29,4,5,48.27,0.0,0.5,75.0
353,2017-10-18,UK,-77,1,1,236.57,0.0,2.0,0.0
682,2017-10-31,UK,-76,2,5,2974.78,0.0,0.4504761904761905,92.8
23485,2017-11-02,UK,-5,3,3,167.32,0.0,0.9999999999999998,99.99999999999999
60,2017-11-04,France,-33,1,1,17.55,0.0,2.248,55.64
893,2017-11-15,Germany,13,1,3,520.0,0.0,1.73,83.45
1495,2017-11-20,UK,27,4,6,177.18,0.99,2.85,99.74
789,2017-12-02,UK,-60,3,6,500.0,0.0,2.0,80.0
82,2017-12-03,Germany,21,5,4,134.33,0.0,3.43,92.15
3812,2017-12-04,France,60,4,6,16.16,0.0,1.25,95.5
13067,2017-12-22,France,-32,3,5,224.09,0.0,1.0,63.6
2748,2018-01-01,Germany,66,3,2,72.53,0.0,1.48,45.0
2936,2018-01-01,Germany,-27,3,6,158.95,1.1,0.9864,84.61
4705,2018-01-01,Germany,4,4,6,17.0,0.0,0.10343137254902,76.8
3319,2018-01-10,UK,76,3,1,3.58,0.0,3.30848,98.3325542214794
18375,2018-01-10,Germany,-29,4,3,12.23,0.0,2.5,60.0
30918135,2018-01-17,UK,72,5,5,147.9,0.0,0.26999999999999996,87.5
3075,2018-01-18,Germany,80,5,5,102.97,0.0,1.0,83.33
571872,2018-01-19,UK,-59,2,2,-10.0,0.0,1.23,0.0
104,2018-01-22,UK,69,4,2,-0.0,0.0,2.9599999999999995,75.0
1937,2018-01-24,UK,3,5,7,434.0,0.0,0.12,88.77
102,2018-01-26,UK,-67,2,5,10.33,0.0,12.9,93.0
1795,2018-01-28,UK,-1,4,5,94.96,0.0,2.034,72.0
3,2018-02-01,Germany,-10,2,7,2.56,0.0,2.0,0.8
66597,2018-02-07,Germany,78,5,3,42.65,0.0,1.82,97.0
401,2018-02-09,Germany,-1,2,4,184.18,2.1,2.5,93.4
201,2018-02-11,France,14,5,4,73.93,0.0,0.5375,88.6
515,2018-02-19,Germany,23,3,6,64.365,0.0,3.36,83.33
10005,2018-02-20,Germany,77,5,2,18.88,0.0,1.93,90.67
586,2018-02-28,Germany,14,3,3,14.2,0.0,1.83,63.0
1644,2018-03-01,UK,38,2,3,25.25,0.0,0.666666666666667,80.0
10134,2018-03-01,Germany,76,5,2,25.52,0.0,4.2,66.6666666666667
174,2018-03-07,Germany,-1,2,3,28.0,0.0,0.5875,95.4709406573877
6,2018-03-21,UK,3,1,5,138.0,0.0,2.5,96.0
10043,2018-03-21,Germany,44,4,7,1332.0,0.0,3.67,0.53
156155,2018-04-02,Germany,-31,4,6,5.4,0.0,0.015625,0.7368421052631579
496,2018-04-05,Germany,85,4,7,232.33,0.0,5.34,0.74
3102,2018-04-10,Germany,84,4,4,150.0,0.0,1.84,76.92
216215,2018-04-10,Germany,60,3,4,41.29,0.0,0.5395345740240564,88.44444444444444
3892,2018-04-12,Germany,35,4,4,2.6,1.0,0.6953125,99.7241379310347
1705,2018-04-13,UK,-3,2,4,8.86,0.75,2.3,0.5
1719,2018-04-15,UK,46,2,5,1.55,0.0,0.097,71.0
6647,2018-04-26,France,8,2,4,247.89,0.0,3.76,25.0
101,2018-04-27,Germany,74,5,4,63.0,0.0,1.206190655877909,80.0
4202,2018-04-28,Germany,53,5,3,20.95,0.0,1.83,87.94
13,2018-04-29,UK,13,3,3,4.4,0.0,2.461854548264084,0.8862300438054688
4654,2018-05-04,UK,-55,1,6,38.72,0.0,1.87,80.0
186,2018-05-08,Germany,61,5,5,110.0,0.0,1.75,67.7
1254,2018-05-10,France,83,5,3,119.03,0.0,0.43,77.3
491,2018-05-10,France,-16,5,6,4.22,0.1666666666666667,8.325,50.0
121,2018-05-16,UK,49,5,3,29.29,0.0,0.3999999999999999,77.39999999999999
9198,2018-05-18,France,54,4,5,9.98,4.37,0.502,81.68
44,2018-05-21,Germany,-12,1,1,103.34,0.0,6.75,16.67
143,2018-06-03,Germany,88,4,3,3.54,0.0,2.0,77.0
4996,2018-06-09,Germany,87,5,3,249.86,0.0,0.7070707070707071,92.85714285714286
1969,2018-06-25,Germany,93,5,5,197.0,0.0,0.5566666666666666,0.8999999999999999
2283,2018-06-25,UK,60,4,5,131.52,0.0,0.375,76.2
13169,2018-06-28,France,72,3,5,20.79,0.0,1.57,86.26
80180,2018-07-01,France,10,4,2,0.0,0.0,1.3333333333333335,40.0
1274,2018-07-01,UK,45,4,4,1075.94,0.0,2.26,77.86797435666892
123,2018-07-05,Germany,22,4,3,427.91,0.0,1.0,96.0
15693,2018-07-07,France,57,4,6,27.65,0.0,3.49,94.5
635,2018-07-10,UK,43,4,7,2044.17,1.34,2.5,90.0
17520,2018-07-11,UK,-8,4,4,22.44,0.0,1.004564171673198,80.0
855,2018-07-16,France,1,3,7,32.8,0.0,4.79,95.0
4877,2018-07-26,France,58,4,3,141.25,0.0,1.12,80.0
2326,2018-07-26,Germany,77,4,4,110.73,0.0,5.0,75.0
1320,2018-08-08,Germany,60,3,4,2.642,0.0,2.35,89.0
1188,2018-08-10,Germany,24,5,5,372.69,0.0,1.0,94.74
1254,2018-08-11,UK,23,3,3,18.82,0.0,5.62,97.96
1560,2018-08-12,UK,5,3,5,8.0,0.0,0.0,93.3
147231,2018-08-13,UK,71,4,2,404.55,0.09,0.9833333333333333,0.4777777777777778
326,2018-08-31,UK,74,5,3,3.76,0.3,1.19,90.0
1100,2018-09-03,UK,84,5,5,44.0,0.0,0.0923076923076923,90.0
135,2018-09-30,France,34,5,6,96.0,0.0,3.86,79.0
2647,2018-10-01,France,82,5,4,1368.88,0.0,2.6222222222222227,95.2
1,2018-10-01,France,36,5,5,430.94,1.0,0.0,92.2
157,2018-10-11,UK,41,4,5,83.73,0.0,1.9,95.0
7422,2018-10-14,France,-18,4,6,492.78,0.0,4.0,76.33
7001,2018-10-21,UK,47,4,3,14.7,0.0,1.65,90.5
133,2018-11-10,UK,22,5,5,-1.25,0.0,0.0707968713150313,80.0
173,2018-11-13,UK,43,4,4,146.94,0.0,1.24,47.8
219,2018-11-15,UK,24,1,5,17.829,7.416,1.799,80.86
24761,2018-11-15,Germany,21,5,1,26.3262,0.0,1.65,1.0
100,2018-11-18,Germany,-78,3,4,861.0,2.4,1.98,72.0
1828,2018-12-01,UK,-4,1,4,1080.0,0.0,2.5,7.1
10435,2018-12-02,France,20,2,5,1746.4,0.0,2.0643609986061153,84.16666666666667
290,2018-12-13,UK,-6,5,2,1818.0,0.0,0.0,100.0
500021,2018-12-31,Germany,88,5,3,12.85,0.14,3.5,76.4
11968,2019-01-02,Germany,-1,4,6,235.0,0.0,6.666666666666666,89.0
755,2019-01-07,UK,21,2,3,44.72,0.164,4.16,59.44
15329,2019-01-10,Germany,64,5,6,27.42,0.0,0.0458294117647058,97.7826086956522
1217,2019-01-17,Germany,74,4,3,152.64,0.0,1.74,85.0
59870,2019-01-23,Germany,46,4,6,127.41569951747,0.0,2.33,79.5
1464,2019-01-28,UK,65,4,5,-0.60389076,0.0,3.5,0.67903226
1350,2019-02-09,Germany,92,5,4,46.0,0.0,0.0,92.5
877,2019-02-10,Germany,70,3,3,835.85,0.32,3.166666666666667,95.0
3437,2019-02-12,Germany,30,4,4,82.0,0.0,0.64,93.8
1434,2019-02-18,Germany,16,3,4,195.94,0.171212952707599,2.0,66.2372881355932
14346,2019-02-19,France,51,4,6,4.6,0.0,1.68,77.0
2,2019-02-25,UK,-33,1,6,249.0,0.0,0.0222332120895921,96.5827500928082
284,2019-03-11,UK,43,3,3,2.29,0.0,4.3,96.4
3266,2019-03-16,Germany,-23,4,6,25.23,0.0,1.53,77.9
10936,2019-03-20,UK,54,5,4,100.47,0.0,1.5,61.8
4279,2019-03-26,UK,66,5,5,238.61,0.278,2.047,0.8205
1,2019-03-27,Germany,1,4,3,12.2,0.0,1.8,86.0
4542,2019-04-13,Germany,82,5,6,4.907101,0.0,3.53,74.2
330,2019-04-18,UK,69,3,1,698.0,0.0,0.39999999999999997,88.0
24911,2019-04-18,France,48,4,2,385.56,0.0,1.62,90.74
2008,2019-04-23,Germany,80,3,2,1.14,0.3,0.0,76.7
112,2019-05-01,Germany,66,4,3,159.87,0.0,2.0,80.0
201106419,2019-05-01,UK,94,5,7,470.94,0.0,0.28125,96.98
13923,2019-05-04,Germany,-96,1,3,787.38,0.0,0.3,85.0
7696,2019-05-13,France,22,1,6,63.6062488595194,0.0,1.57,97.1428571428571
362,2019-05-14,Germany,39,3,5,196.27,0.0,0.64025212,99.964675
29,2019-05-15,Germany,-1,4,4,103.0,0.0,2.5,0.99
8094,2019-05-26,UK,72,5,3,140.06,0.36,1.71,0.92
151,2019-05-31,Germany,86,5,6,103.14,0.0,0.6104851111436398,94.49999999999999
4,2019-06-03,UK,21,4,3,378.0,0.18421052631579,2.69,76.0
3513,2019-06-03,France,78,5,3,1.49,0.0,1.47,85.56
1860,2019-06-07,UK,-22,4,4,52.82,1.0,0.5599999999999999,66.9
10298,2019-06-07,Germany,80,4,5,356.6,0.0,6.66666666666667,0.65
10647,2019-06-09,UK,30,5,7,28.4,0.0,4.74,78.8
101,2019-06-13,Germany,70,4,5,105.0,0.0,0.1807086666666667,89.99729166666667
27,2019-06-16,Germany,-20,3,4,65.0,0.0,0.28125,73.10000059604646
1227,2019-06-17,Germany,51,5,4,19.5,0.0,2.2275,90.18
102320,2019-06-18,Germany,12,4,5,49.15,0.0,3.37,88.4
1818,2019-07-01,Germany,33,4,5,1.42,0.0,1.0,94.9
209378,2019-07-01,Germany,-43,4,4,156.93,0.0,0.42,92.21
3335,2019-07-01,UK,-19,3,5,1079.0,0.0,0.0,87.89
6860,2019-07-03,UK,89,4,3,13.11,0.0,1.061111111111111,92.27
528724,2019-07-05,UK,0,4,3,134.73,0.0,3.37,0.52
10020,2019-07-12,UK,77,4,2,15.73,0.0,9.078125,94.03322784
1183,2019-07-15,France,-64,1,2,1029.91,0.0,3.5,89.7
28,2019-07-16,Germany,18,2,2,0.0,0.0,2.93,95.7
107,2019-07-24,Germany,-16,5,2,11.18,0.0,4.28,68.33
120,2019-07-30,Germany,52,4,6,70.51,0.0,1.91,91.5
1491,2019-08-08,Germany,51,3,2,44.94,0.0,1.5,75.0
24,2019-08-12,Germany,-46,1,7,555.0,0.0,2.1801281028125,93.88671875
8458,2019-08-15,Germany,4,4,5,4.7,0.0,1.0,97.2
8578,2019-08-16,Germany,14,1,5,599.34,0.0,3.04,0.74
15772,2019-08-19,Germany,-4,2,5,1379.78,2.72,0.165,94.0
1049,2019-08-31,UK,67,4,5,19.62,0.0,2.85,97.5
1637,2019-09-04,France,56,4,6,15.7,0.0,0.012000000000000002,96.0
1242,2019-09-12,UK,88,5,4,10.45,0.0,2.1,97.85
4771,2019-09-13,Germany,88,5,3,174.98,0.0,0.6666666666666667,96.875
490,2019-09-18,Germany,-71,3,6,125.41,0.0,1.11,99.71
4201,2019-09-19,Germany,15,5,4,225.48,0.0,0.3899999868869894,84.1
25716,2019-09-30,France,62,5,7,45.39,0.0,1.0,98.68
443,2019-10-01,Germany,73,5,5,2.326,0.0,2.17,98.1
2639,2019-11-10,Germany,60,3,4,65.99,0.0,1.47,89.71
63,2019-11-11,France,68,4,4,34.75,0.0,13.6666666666667,90.0
200448,2019-11-20,Germany,79,4,3,39.77,0.0,28.72,39.0
1539,2019-12-02,Germany,87,5,5,28.45,0.0,1.21,97.38
42795,2019-12-04,Germany,56,5,4,12900.0,0.0,10.5,96.4
1219,2019-12-08,UK,42,3,5,3.43,0.0,2.89,90.82
101447,2019-12-13,France,45,4,6,213.0,0.0,2.5,64.0
1965,2019-12-17,Germany,88,5,3,128.94,0.0,2.23,0.93
431,2019-12-21,France,8,5,7,58.76,0.0,1.0166666666666666,92.3
276003523,2019-12-28,Germany,75,4,4,182.32,0.0,7.08,98.6
1452,2019-12-30,France,45,3,5,1034.19,0.0,0.5748465478410254,95.68383278541678
1006,2020-01-01,France,45,4,2,1165.0,2.7,1.8,95.0
2393,2020-01-22,Germany,33,2,3,249.95,0.0,6.666666666666667,97.66666666666667
1189,2020-01-23,Germany,19,4,6,1452.0072,0.0,0.039583333,82.8
543,2020-01-31,France,29,4,5,79.35,0.0,2.78,56.25
1755,2020-02-11,UK,91,4,6,146.47,0.0,0.37627450980392,90.355079003765
1159,2020-03-01,UK,55,5,6,16.5246,0.0,6.0,94.0829
396,2020-03-01,France,70,4,6,122.32,0.0,10.0,95.0
2330117,2020-03-11,Germany,2,5,5,134.47,0.0,1.1975,93.33
66602345,2020-03-14,Germany,60,3,1,10.89,0.24,3.81,91.67
13396,2020-03-15,UK,59,3,2,10.1612,0.0,3.0,80.0
214,2020-03-31,Germany,76,4,4,11.76,0.0,2.15,85.52
1340,2020-04-01,UK,58,4,2,11.58,0.0,4.0,83.33
182469,2020-04-01,Germany,65,5,6,134.0,0.0,4.0,95.0
2020933,2020-04-02,Germany,33,3,7,18.37,0.0,2.16348247,94.6956522
144067,2020-05-05,Germany,5,3,6,36.84,0.1040816326530612,0.0520833333333333,91.5068493150685
4885,2020-05-09,Germany,10,5,3,1.0,0.0,1.6333333333333333,92.0
30018,2020-05-17,Germany,78,3,5,1050.98,0.0,1.12,88.0
3873,2020-05-28,Germany,87,4,1,227.47,1.3,0.5853333333333333,70.0
2950,2020-05-31,France,12,4,4,24.44,0.0,0.15012254803693154,70.0
294,2020-06-08,Germany,12,5,1,293.7,0.0,0.43,75.66
7429,2020-06-11,France,1,4,4,188.24,0.0,2.17,98.4
3111,2020-06-17,Germany,16,4,3,0.0,4.3,2.93,83.33
562,2020-07-01,Germany,41,4,4,1452.24,11.58,1.61,93.06
10989,2020-07-01,Germany,-63,1,2,44.23,0.0,4.73,43.2
16091,2020-07-03,Germany,30,5,5,200.0,0.0,4.0,70.0
887,2020-07-16,UK,18,3,3,16.63,0.0,0.73,97.71
249,2020-07-19,UK,25,5,6,152.23,0.0,1.8141045511741714,93.15646866291613
5945,2020-07-23,Germany,55,4,2,278.0,0.0,2.32,94.86
2288,2020-07-29,UK,85,3,2,2415.83,0.0,2.1,71.42
11193,2020-08-12,UK,34,3,7,17.28,0.0,3.63,12.0
14158,2020-08-17,Germany,-14,3,6,2681.23,0.0,1.2116666666666667,60.0
5682,2020-08-18,UK,46,4,5,136.0,0.0,3.44,67.7
6423,2020-08-27,France,-79,4,2,11.7,0.7,12.0,82.8
1548,2020-09-01,France,22,3,6,202.95,0.4,5.8,84.1
1602,2020-09-01,UK,73,1,5,345.6,0.0,2.36,83.33
105,2020-09-04,France,18,3,5,131.86,0.0,2.61,89.5
1553,2020-09-14,Germany,100,4,7,14.16,0.0,8.4,64.7
1205,2020-09-16,UK,12,4,7,49.55,0.0,1.5,0.77
24,2020-09-18,UK,63,5,4,4667.0,0.0,3.67,88.0
61,2020-09-21,Germany,72,4,6,483.3,0.0,0.9999999999999999,88.40564296818279
172,2020-09-24,UK,58,3,4,79.27,0.0,2.11,96.0
6042,2020-10-02,France,-1,1,1,0.0,0.0,0.035,87.327
3583,2020-10-19,UK,38,4,2,147.0,0.0,1.23,85.0
37252,2020-11-01,Germany,12,5,4,277.0,0.0,5.1,81.0
408,2020-11-06,UK,51,4,5,1.56,0.0,1.79,79.8
19429,2020-11-13,France,-28,3,7,9.49,0.0,0.0300874076467903,100.0
6992,2020-11-30,Germany,-8,3,3,27.13,0.0,0.5250000000000002,67.6
11,2020-12-01,UK,-65,2,6,27.5,0.0,2.6,70.3
14453,2020-12-02,Germany,2,5,1,986.28,0.0,0.5456094931506836,0.766046511627907
1010,2020-12-05,Germany,33,3,3,507.54,5.29,0.9225,79.73
1714,2020-12-07,France,-16,2,6,51.64,0.0,13.56,25.32
62859,2020-12-07,Germany,50,1,3,2.25,0.0,0.5,77.14
848,2020-12-16,UK,82,4,4,106.38,0.0,2.2,84.61
788,2020-12-20,Germany,-5,1,6,10.17,0.0,2.4,85.0
114658,2020-12-21,UK,43,3,3,392.0,0.0,1.0,8.325
13243,2020-12-21,UK,5,5,3,373.52,0.0,1.0,40.0
82,2020-12-28,Germany,-16,4,3,27.92,6.05,2.99,49.24
54581,2021-01-01,UK,73,4,5,1.1,0.0,1.19,89.4
905,2021-01-02,Germany,13,4,4,31.61,0.0,1.2,80.64
1241,2021-01-04,France,72,4,7,1063.27,0.0,2.07,97.94
625,2021-01-06,Germany,-48,1,4,798.0,0.0,10.16,78.0
29,2021-01-17,Germany,7,4,4,10.0,0.0,1.25,94.0
124,2021-01-29,Germany,44,4,3,301.96,0.0,3.6,79.21
10077,2021-01-30,Germany,71,5,5,120.39,0.0,1.79,98.38
130524,2021-02-01,UK,21,3,3,16.6,0.0,9.25,49.6
42659,2021-02-01,UK,59,3,4,27058.72,0.0,2.12,84.2
102,2021-02-01,France,29,4,4,1.21,0.0,1.0,82.0
50,2021-02-02,UK,-2,1,3,61.9,0.0,1.25,69.78
20005,2021-02-04,Germany,2,2,5,40.55,0.0,0.55,92.5
17924,2021-02-05,UK,4,4,4,322.7,0.0,0.12,0.95
626,2021-02-07,Germany,80,5,3,179.49,0.29,1.28,54.98
456,2021-02-12,France,9,4,6,31.35,0.0,1.73,77.4
7034,2021-02-14,Germany,-16,2,6,44.0,0.0,2.2,98.0
155,2021-02-25,UK,80,5,4,111.32,0.0,0.6359251641732422,84.0
1768,2021-02-27,France,-57,2,2,3.07,0.0,0.2025,34.2
924,2021-03-02,Germany,2,5,3,2.61,0.0,3.33,83.0
22178,2021-03-14,Germany,47,3,6,2.26,0.14,1.3,73.19
233,2021-04-09,Germany,95,4,6,248.04999658203124,0.0,0.5625,91.4
921,2021-04-11,Germany,16,4,5,13.1,0.0,0.575,92.7
54,2021-04-15,France,1,2,6,54.22,0.0,1.0,85.23
3619,2021-05-01,Germany,77,4,6,202.1,0.0,3.8,87.2
322,2021-05-09,Germany,81,4,5,232.79,0.0,2.44,71.78
679,2021-05-10,Germany,28,5,5,19.8,0.0,8.0,97.0
69,2021-05-12,France,5,4,5,1.26,0.0,0.875,0.25
77217,2021-05-12,UK,74,5,3,2402.59,0.0,2.49,80.80382317496031
458,2021-05-14,UK,70,4,2,112.29,0.0,1.4,82.0
18020,2021-05-27,UK,79,5,2,121.0,0.0,4.69,69.1
325,2021-05-28,France,65,3,3,10.0,0.18,0.0,33.33
11032,2021-05-28,UK,38,4,7,50.93,0.6,3.2,79.2
4743,2021-05-29,UK,67,5,4,533.0,0.0,1.0,96.0
2850,2021-06-01,UK,52,4,5,114.9,0.0,0.821057286,83.5
150206,2021-06-02,France,18,3,6,10.54,0.0,2.2,77.8
1004,2021-06-04,Germany,72,4,6,1.07,0.0,1.8566666666666667,98.9
1834,2021-06-05,France,61,5,4,108.9,0.0,1.4,99.8
2701,2021-06-12,France,71,4,3,195.44,0.0,2.74,60.0
16873,2021-06-17,Germany,85,5,4,11.7,0.0,1.5,94.6
1475,2021-06-23,France,-3,3,3,13.64,0.35,1.19,0.75
12301,2021-06-25,Germany,11,4,3,93.88,0.0,5.5,66.67
345,2021-06-26,UK,-95,1,5,128.0,1.0,8.98,87.65
819,2021-06-27,UK,24,4,3,261.12,0.0,2.0733333333333337,90.0
4037,2021-07-01,Germany,-30,2,5,8.0,0.0,1.16,95.0
2283,2021-07-06,Germany,17,1,6,279.63,0.0,0.8625,99.99999999999999
276,2021-07-27,Germany,20,5,5,275.0,0.0,0.15,90.0
3452,2021-07-28,Germany,70,5,3,119.15,0.0,1.8013,88.29
11134,2021-08-01,Germany,9,5,4,201.32,1.48,0.09848076923076923,99.93461538461538
5828,2021-08-09,France,30,5,6,11.52,2.64,1.72,99.95
15796,2021-08-14,Germany,10,4,5,512.21,0.0,0.27,94.98
803,2021-08-16,UK,20,5,3,21.0,0.0,1.9916424047595216,80.0
10094,2021-08-31,France,93,5,1,19.98,0.1,1.0766666666666667,99.5
2732,2021-09-01,UK,60,4,2,1.1,0.0,0.22,97.78
187,2021-09-02,Germany,23,4,4,0.46,0.0,0.8,61.3
55698,2021-09-03,Germany,58,5,1,2694.0,0.0,0.6002204436476563,84.32775397406027
360,2021-09-07,Germany,32,4,4,1.01,0.0,0.35,0.79
1345,2021-09-10,France,14,2,7,1.807,0.0,10.0,74.62
5817,2021-09-19,Germany,4,4,4,1014.29,0.0,5.1,91.66
1502,2021-09-21,UK,73,4,6,103.22,0.0,0.204,98.0575691552474
32800059,2021-09-30,Germany,91,5,4,108.0,0.0,1.79,90.02013822004432
1106,2021-10-05,UK,37,3,5,49.8,0.0,2.39,92.15
11622,2021-10-08,France,61,3,2,242.99,0.0,1.59,75.8
1762,2021-10-08,UK,-13,3,5,19.76,0.0,1.46,95.0
27,2021-10-09,Germany,23,3,2,184.38,0.0,1.52,0.88
1728,2021-10-13,France,25,4,5,-23.21,0.0,1.77,76.75
38513,2021-10-18,Germany,54,2,4,263.14,0.0,0.37,97.48
6,2021-10-29,UK,74,4,3,187.374,0.0,4.332,85.0
3158,2021-11-01,Germany,24,5,6,201.27,0.0,1.369,98.96
1045,2021-11-01,France,2,3,1,14.23,1.45,1.56,50.0
682,2021-11-10,UK,0,5,5,0.0,0.0,2.75,100.0
674,2021-11-30,Germany,22,3,6,11.87,0.0,3.13,70.6
58558,2021-12-03,Germany,84,4,5,119.93,0.0,7.0,89.5
207,2021-12-07,UK,51,4,7,1278.22,0.0,1.0263984031675335,71.00000000000001
198,2021-12-07,UK,-8,4,1,92.7399997267,0.0,1.40517027673,88.5
16672,2021-12-08,France,-100,2,7,203.29,0.0,6.0,67.8
566,2021-12-09,UK,-54,1,3,263.33,0.0,0.103615515062005,86.1235334481939
110110,2021-12-13,Germany,74,4,5,126.42,0.0,1.45,91.8
853,2021-12-15,UK,46,3,5,13.13,0.0,1.1101660821620116,97.79064740004596
23,2021-12-15,France,57,3,3,3368.0,0.0,1.45,95.33
4192,2021-12-29,Germany,-23,3,4,156.71,0.0,0.979166666666667,83.67
1000001,2022-01-01,UK,5,2,5,4809.68,0.0,21.1666666666667,86.0
851,2022-01-05,UK,83,5,6,2.65,0.0,1.21,92.2
2075,2022-01-17,UK,0,4,4,12.64,0.0,3.8,80.0
2476,2022-01-20,France,14,4,1,232.12,0.0,2.657438707386865,90.9090909090909
1166,2022-01-24,Germany,43,3,3,136.14,0.0,0.0527623495,99.98333333333333
3132,2022-01-25,Germany,77,5,2,194.17,0.0,0.04666666666666666,96.3
287,2022-02-02,Germany,99,5,5,136.77,0.0,11.0,98.0
23392,2022-02-18,France,6,3,4,101.44,0.01,0.5,84.58
10992,2022-02-20,France,17,3,4,30.87,0.0,2.84,79.57
74,2022-02-21,Germany,-93,4,3,179.24,0.0,0.0,60.0
1174,2022-02-23,Germany,81,5,2,11.0,0.0,0.73,99.14
144,2022-03-03,Germany,69,4,5,43.62,0.0054966458260239,0.57303236191777,96.48
103437,2022-03-07,UK,86,5,5,2.84,1.2,1.0,99.8
585,2022-03-30,Germany,11,5,5,183.25,0.0,0.6479393798344552,93.57
10745,2022-04-01,Germany,33,3,6,34.9,0.0,0.4410485687469807,96.82
662,2022-04-01,Germany,-2,1,2,61.52,0.0,1.27,60.0
2222,2022-04-05,Germany,1,3,4,13.0,0.0,2.0,0.75
2057,2022-04-22,UK,70,5,5,105.27,1.0,0.266666666666667,97.8
1394,2022-05-09,Germany,-83,2,3,114.71,1.27,5.35,89.96
223,2022-05-16,UK,18,2,2,223.0,0.0,1.96,11.11
1419,2022-05-30,Germany,4,3,6,14.2013910247023,0.0,0.22,0.84
244,2022-06-01,Germany,100,5,7,275.0,0.0,1.0,100.0
1167,2022-06-03,Germany,-3,5,7,429.27,0.0,2.030846384888345,86.07714138763747
1057,2022-06-09,France,-1,1,4,434.0,0.0,0.748064,100.0
6507,2022-06-13,France,16,4,6,38.24,0.0,1.47,0.85
83964,2022-06-13,UK,60,5,6,11.5377,0.0,0.4635,95.44502448974364
6139,2022-07-19,Germany,72,4,5,26.64,0.0,1.26,95.0
8569,2022-08-04,France,-2,1,5,219.47,0.0,0.7583333333333333,97.0
2144,2022-08-26,UK,23,3,4,51.64,0.0,0.75,75.0
4355,2022-08-29,UK,-24,3,6,15.32,0.3,1.21,95.28
332,2022-09-01,France,58,5,5,1338.11,0.0,1.03979591836719,98.684210526316
811,2022-09-12,Germany,-52,1,5,32.0,0.0,0.75,0.95
1200,2022-09-13,Germany,62,5,3,1.1,0.2,0.19666666666666668,98.0
32901,2022-09-22,France,41,4,3,121.11,2.0,3.25,89.13
12513,2022-09-30,UK,30,2,5,30.95,0.0,1.3,1.0
11161,2022-09-30,Germany,1,3,5,1756.79,1.8,7.38,0.88
221112,2022-10-09,UK,71,4,4,13.0,0.0,3.6,64.0
114,2022-10-10,Germany,58,4,5,16.55,0.0,2.27,83.8
167955,2022-11-06,UK,68,3,2,1849.14,0.0,1.2,92.78
40206,2022-12-27,Germany,41,4,3,26978.0,0.0,11.7,60.0
40765,2023-01-11,Germany,25,4,6,137.29,8.64,3.17,88.73
151,2023-02-21,UK,24,3,3,67.32,0.0,0.416666666666667,88.0
